17-0001,agent,agent,制作局
17-0002,agent,agent,制作局
17-0003,agent,agent,制作局
16-0004,agent,agent,制作局
16-0005,agent,agent,制作局
16-0006,agent,agent,制作局
16-0007,agent,agent,制作局
16-0008,agent,agent,制作局
15-0009,agent,agent,制作局
15-0010,agent,agent,制作局
15-0011,agent,agent,制作局
15-0012,agent,agent,制作局
15-0013,agent,agent,制作局
15-0014,agent,agent,制作局
14-0015,agent,agent,制作局
14-0016,agent,agent,制作局
14-0017,agent,agent,制作局
14-0018,agent,agent,制作局
14-0019,agent,agent,制作局
17-0020,agent,agent,技術局
17-0021,agent,agent,技術局
17-0022,agent,agent,技術局
16-0023,agent,agent,技術局
16-0024,agent,agent,技術局
16-0025,agent,agent,技術局
16-0026,agent,agent,技術局
16-0027,agent,agent,技術局
16-0028,agent,agent,技術局
16-0029,agent,agent,技術局
16-0030,agent,agent,技術局
15-0031,agent,agent,技術局
15-0032,agent,agent,技術局
15-0033,agent,agent,技術局
15-0034,agent,agent,技術局
15-0035,agent,agent,技術局
15-0036,agent,agent,技術局
15-0037,agent,agent,技術局
15-0038,agent,agent,技術局
15-0039,agent,agent,技術局
15-0040,agent,agent,技術局
14-0041,agent,agent,技術局
14-0042,agent,agent,技術局
14-0043,agent,agent,技術局
14-0044,agent,agent,技術局
14-0045,agent,agent,技術局
14-0046,agent,agent,技術局
14-0047,agent,agent,技術局
14-0048,agent,agent,技術局
14-0049,agent,agent,技術局
17-0050,agent,agent,広報局
17-0051,agent,agent,広報局
17-0052,agent,agent,広報局
17-0053,agent,agent,広報局
16-0054,agent,agent,広報局
16-0055,agent,agent,広報局
16-0056,agent,agent,広報局
16-0057,agent,agent,広報局
16-0058,agent,agent,広報局
15-0059,agent,agent,広報局
15-0060,agent,agent,広報局
14-0061,agent,agent,広報局
14-0062,agent,agent,広報局
14-0063,agent,agent,広報局
